Title,Snippet,URL,Date
The iPhone 16e proves we do need Qualcomm for 5G in North America,Apple is now offering a new budget iPhone with something really cool inside of it. I'm not talking about Apple's AI features; the iPhone 16e and its binned...,https://www.androidcentral.com/phones/the-iphone-16e-proves-we-do-need-qualcomm-for-5g-in-north-america,22-02-2025
The fallout from HP’s Humane acquisition,Welcome back to Week in Review. This week we're looking at the internal chaos surrounding HP's $116 million acquisition of AI Pin maker Humane; Mira.,https://techcrunch.com/2025/02/22/the-fallout-of-hps-humane-acquisition/,22-02-2025
Microsoft’s New Majorana 1 Processor Could Transform Quantum Computing,"The processor uses qubits that can be measured without error and are resistant to outside interference, which the company says marks a “transformative leap...",https://www.wired.com/story/microsoft-just-claimed-a-quantum-breakthrough-a-quantum-physicist-explains-what-it-means/,22-02-2025
D.O.G.E. Just Sent You An Ultimatum,This is not a NASA website. You might learn something. It's YOUR space agency. Get involved. Take it back. Make it work – for you.,https://nasawatch.com/personnel-news/d-o-g-e-just-sent-you-an-ultimatum/,22-02-2025
BO6 & Warzone Feb 21 update patch notes: Mountaineer Perk & weapon tuning fixes,The latest Black Ops 6 & Warzone update finally fixes the Mountaineer Perk and the weapon tuning changes that didn't work correctly.,https://www.dexerto.com/call-of-duty/bo6-warzone-feb-21-update-patch-notes-mountaineer-perk-weapon-tuning-fixes-3140533/,21-02-2025
Samsung US brings back free storage upgrades for the Galaxy S25 series,"Free storage upgrades are the usual perk that Samsung offers during pre-orders. Those are long behind the S25 series, but Samsung US decided to bring them...",https://www.gsmarena.com/samsung_us_brings_back_free_storage_upgrades_for_the_galaxy_s25_series-news-66656.php,21-02-2025
"3 Things To Know About Dodge's Hurricane Engine, Because Turbos Are Taking Over","Stellantis' Hemi V8 engine is dead. Well not technically, but if you go looking for a sedan or muscle car powered by a V8, you won't find it at Dodge or...",https://www.jalopnik.com/1797084/dodge-hurricane-engine-guide/,22-02-2025
"Asus is making a ‘Fragrance Mouse,’ and it’s coming to the US","Asus has announced the Fragrance Mouse, a wireless mouse with a refillable vial inside meant for “aeromatic oils.”",https://www.theverge.com/news/617917/asus-fragrance-mouse-essential-oils-vial-wireless-dongle-bluetooth,22-02-2025
Flight Attendants Say These 25 Things Make Travel More Comfortable,"Flight attendants are the MVPs of traveling, so their recommendations are pretty much gold.",https://www.huffpost.com/entry/products-that-make-travel-comfortable_l_67aa6fabe4b038077c881eb4,22-02-2025
The Thrill-Seeking Billionaire and SpaceX Astronaut Poised to Run NASA,"An entrepreneur and sometime jet-fighter pilot, Jared Isaacman is preparing to run the U.S. space program after decades outside of government.",https://www.wsj.com/business/nasa-spacex-trump-musk-isaacman-14c6aebc,22-02-2025
iOS 18.4 Release Date: Apple Surprisingly Confirms iPhone Update And New App,The next major iPhone software release is iOS 18.4 (unless there's a bug-squisher in between). Apple rarely announces in advance when a big update is on its...,https://www.forbes.com/sites/davidphelan/2025/02/22/ios-184-release-date-apple-surprisingly-confirms-iphone-update-and-new-app/,22-02-2025
"Nvidia RTX 5090 and 5070 Ti cards from multiple vendors are missing ROP units, impacting performance",The few lucky users who acquired Nvidia's flagship RTX 5090 soon after its initial launch should run GPU-Z to check if all 176 of the graphics card's...,https://www.techspot.com/news/106876-rtx-5090s-multiple-vendors-missing-rop-units-degrading.html,22-02-2025
Apple Intelligence to Expand to Vision Pro Headset in April,Apple said Friday (Feb. 21) that its Apple Intelligence suite of artificial intelligence (AI) features will be added to Vision Pro in April.,https://www.pymnts.com/apple/2025/apple-intelligence-to-expand-to-vision-pro-headset-in-april/,22-02-2025
What are the new map and weapon loot pool changes in Fortnite Chapter 6 Season 2?,"Fortnite Chapter 6 Season 2, named “Lawless,” is here with new POIs, weapons, and mechanics. Here are all of the new map and weapon loot pool changes.",https://www.polygon.com/fortnite-guide/527060/chapter-6-season-2-new-map-weapons-loot-poi-c6s2,21-02-2025
Microsoft confirms Windows 11’s new iOS like Start menu layout for “All” apps view,"Windows 11 24H2 and even 23H3 are getting a new Start menu layout for the ""All"" apps page that organizes apps based on their category.",https://www.windowslatest.com/2025/02/22/microsoft-confirms-windows-11s-new-ios-like-start-menu-layout-for-all-apps-view/,21-02-2025
How to redeem Incarnate Forme codes for Go Tour Unova research in Pokémon Go,Three free Incarnate Forme research codes have been released as part of the Go Tour: Unova Global celebrations in Pokémon Go.,https://www.eurogamer.net/how-redeem-incarnate-forme-codes-unova-research-pokemon-go-9505,21-02-2025
GTA 6 fans torn over new announcement from Rockstar,Rockstar Games has launched a new free update for GTA V but it's not exactly what GTA VI fans were after.,https://www.gamingbible.com/news/gta-6-fans-torn-new-announcement-rockstar-920558-20250221,21-02-2025
Scientists spent 10 years on a superbug mystery - Google's AI solved it in 48 hours,Cutting corners: Researchers at Imperial College London say an artificial intelligence-based science tool created by Google needed just 48 hours to solve a...,https://www.techspot.com/news/106874-ai-accelerates-superbug-solution-completing-two-days-what.html,21-02-2025
ASUS ROG Astral RTX 5090 catches fire after power stage failure,The new ROG Astral series from ASUS is known for two things: how large these graphics cards are and how expensive they are. The RTX 5090 Astral costs more...,https://videocardz.com/newz/asus-rog-astral-rtx-5090-catches-fire-after-capacitor-blows,22-02-2025
"New Xbox Game ‘Avowed’ Took Six Years, Two Reboots",The latest game from Obsidian Entertainment started life as a multiplayer take on Skyrim.,https://www.bloomberg.com/news/newsletters/2025-02-21/new-xbox-game-avowed-took-six-years-two-reboots,21-02-2025
OPPO’s new foldable is pricier than Z Fold 6 and not coming to USA,"The OPPO Find N5, which is currently the world's thinnest foldable phone, is pricier than the Samsung Galaxy Z Fold 6. - SamMobile.",https://www.sammobile.com/news/oppo-find-n5-price-higher-than-galaxy-z-fold-6/,21-02-2025
Still more NetEase studios like Quantic and Grasshopper at risk as firm reportedly seeks buyers,NetEase is reportedly pulling back on its international game investments.,https://www.eurogamer.net/still-more-netease-studios-like-quantic-and-grasshopper-at-risk-as-firm-reportedly-seeks-buyers,22-02-2025
Celebrate Pokémon Day at the Nintendo New York Store,"Start spreading the news! If you're in New York City on February 27, 2025, be sure to pay a visit to the Nintendo New York store to join in on some special...",https://www.pokemon.com/us/pokemon-news/celebrate-pokemon-day-at-the-nintendo-new-york-store,21-02-2025
"GeForce RTX 5090, 5080 And 5070 Ti Restock Timing Revealed By A Big Retailer","If you blinked, you missed the initial wave of GeForce RTX 5090 graphics cards at retail before they sold out. And if you sneezed, you also missed your...",https://hothardware.com/news/geforce-rtx-5090-5080-5070-ti-restock-timing,21-02-2025
"Heroes of the Storm PTR Patch Notes - February 21, 2025",Our next Heroes of the Storm patch has just hit the Public Test Realm and will be available for playtesting.,https://news.blizzard.com/en-us/article/24180740/heroes-of-the-storm-ptr-patch-notes-february-21-2025,21-02-2025
Leaked videos reveal Nothing Phone (3a)’s extra button is probably for AI [Video],"Leaked videos have revealed the Nothing Phone (3a) series in full, including showing what the extra button is for.",https://9to5google.com/2025/02/21/nothing-phone-3a-leak-button-ai-feature/,21-02-2025
Your Gaming PC Could Help Train AI Models,Underused GPU chips—in game consoles or offices—inspire startups to stitch together virtual 'distributed' networks to compete with AI data centers.,https://www.wsj.com/tech/ai/ai-model-training-underused-gpu-chips-4b6bdff9,21-02-2025
Microsoft’s New ‘Muse’ AI Is Doubly Bad Because Avowed Is So Good,"""The [Muse] announcement almost felt like it was under duress, like it was a hostage video in some ways""",https://aftermath.site/aftermath-hours-microsoft-muse-ai-xbox-avowed,21-02-2025
Apple introduces News+ Food,"Coming with iOS 18.4 and iPadOS 18.4 in April, Apple News+ subscribers will have access to Apple News+ Food, a new section that will feature tens of...",https://www.apple.com/newsroom/2025/02/apple-introduces-news-plus-food/,21-02-2025
Delta Force's free Black Hawk Down shooter campaign mode is out now,Team Jade and TiMi Studio Group have released a free downloadable co-op campaign for their 2024-launched multiplayer shooter Delta Force - the first new...,https://www.rockpapershotgun.com/delta-forces-free-black-hawk-down-shooter-campaign-mode-is-out-now,21-02-2025
Two Incredible Star Wars Games Are Free On Mobile If You Ignore Google's Malware Warning,"Star Wars: Knights of the Old Republic 1 and 2 are currently available to download for free on mobile, with just a few catches.",https://kotaku.com/star-wars-kotor-1-2-free-epic-iphone-rpg-download-1851765814,21-02-2025
"XFX Radeon RX 9070 XT MERCURY Magnetic Air series revealed: 3.1 GHz boost, removable fans and three 8-pin connectors","We have been over Amazon/XFX leaks for a couple of days now, but we finally got a look at the highest-end models. What is this? Report Ad.",https://videocardz.com/newz/xfx-radeon-rx-9070-xt-mercury-magnetic-air-series-revealed-3-1-ghz-boost-removable-fans-and-three-8-pin-connectors,21-02-2025
Lenovo’s Legion Go S is the latest Windows handheld casualty,"The Lenovo Legion Go S' greatest assets are its screen, adjustable triggers, and cozy design. Its Windows OS is, perhaps, its worst quality.",https://www.polygon.com/review/526493/lenovo-legion-go-s-windows-gaming-handheld-review,21-02-2025
"Five new Apple products are launching soon, here’s what’s coming","Apple has five more new products launching soon after its iPhone 16e announcement, here's what's coming in the weeks and months ahead.",https://9to5mac.com/2025/02/21/these-are-apples-next-five-products-expected-to-launch-soon/,21-02-2025
The Pokémon Company Reaches Settlement in IP Infringement Lawsuit in China,"Guangzhou Maichi Network Technology, Khorgos Fangchi Network Technology issue apology over game app titled Pocket Monster: Remake.",https://www.animenewsnetwork.com/news/2025-02-22/the-pokemon-company-reaches-settlement-in-ip-infringement-lawsuit-in-china/.221505,22-02-2025
Download your Kindle books right now - Amazon is killing this option in a few days,"The clock is ticking for Kindle users. After February 2025, a long-standing feature disappears. Will this change how you buy and store digital books?",https://www.zdnet.com/article/download-your-kindle-books-right-now-amazon-is-killing-this-option-in-a-few-days/,21-02-2025
SoaPy: Stealthy enumeration of Active Directory environments through ADWS,"Due to modern defensive solutions, targeted and large-scale enumeration of Active Directory (AD) environments has become increasingly detected.",https://securityintelligence.com/x-force/stealthy-enumeration-of-active-directory-environments-through-adws/,21-02-2025
Former Sony Boss Confirms What We Were All Thinking About PlayStation PC Ports,"A couple of years ago, the idea of PlayStation-exclusive games being ported to PC would have seemed highly unlikely, but times have changed.",https://www.gamespot.com/articles/former-sony-boss-confirms-what-we-were-all-thinking-about-playstation-pc-ports/1100-6529638/,21-02-2025
How ‘Event Scripts’ Structure Our Personal Memories,"By screening films in a brain scanner, neuroscientists discovered a rich library of neural scripts — from a trip through an airport to a marriage proposal...",https://www.quantamagazine.org/how-event-scripts-structure-our-personal-memories-20250221/,21-02-2025
Amazon Drops New Apple Mac Mini M4 to Lowest Price of 2025 So Far,"Even though Presidents Day deals have now come to an end, we're coming across plenty of superb offers in the tech space. For instance, the Apple Mac Mini M4...",https://www.cnet.com/deals/amazon-drops-new-apple-mac-mini-m4-to-lowest-price-of-2025-so-far/,22-02-2025
I Love Being A Gun-Wielding Wizard In Avowed,Usually I like to talk my way out of problems. What's surprised me about Avowed is how fun it is to be a wizard with a gun.,https://aftermath.site/avowed-obsidian-magic-gun-combat,21-02-2025
The Chromecast is Officially Dead,"Google's Chromecast range has been a popular one for years if you want to either replace your smart TV experience or make any TV into a ""smart TV.",https://www.howtogeek.com/chromecast-google-tv-discontinued/,21-02-2025
"The new survival game from the creator of PUBG is an absolutely merciless wilderness experience that's aiming to be ""as hard a survival game as you can make""","In my previous attempt at Prologue: Go Wayback!, the survival game from PUBG creator Brendan Greene's new studio, I thought I'd found the perfect spawn.",https://www.gamesradar.com/games/survival/the-new-survival-game-from-the-creator-of-pubg-is-an-absolutely-merciless-wilderness-experience-thats-aiming-to-be-as-hard-a-survival-game-as-you-can-make/,21-02-2025
Ex-Amazon Gaming Exec Explains Why No One Has Beaten Steam,Valve's PC gaming storefront has only grown more dominant.,https://kotaku.com/steam-epic-games-store-valve-amazon-prime-twitch-1851765739,21-02-2025
Sony Being Sued Over PlayStation Store Prices Being Too High,"Sony is facing another suit about their digital pricing practices for the PS Store, alleging they're raising prices without a basis in costs.",https://comicbook.com/gaming/news/sony-lawsuit-ps-store-prices-2025/,21-02-2025
"I tried this new AI agent that takes control of your mouse and keyboard to help get tasks done, and I can’t believe how good it is",There's been a recent flurry of AI tools that can go online and do things on your behalf. OpenAI's Operator is a powerful and expensive AI Agent.,https://www.techradar.com/computing/artificial-intelligence/i-tried-this-new-online-ai-agent-and-i-cant-believe-how-good-convergence-ais-proxy-1-0-is-at-completing-multiple-online-tasks-simultaneously,21-02-2025
Some Games Run Better On Older GPUs Than On Nvidia's New 50-Series Cards,"Nvidia's new 50-series graphics cards just aren't as good at running certain older games as previous hardware generations were, some PC gamers have...",https://www.gamespot.com/articles/some-games-run-better-on-older-gpus-than-on-nvidias-new-50-series-cards/1100-6529636/,21-02-2025
Here's exactly when you can play Monster Hunter Wilds on PC and console,"Capcom has declared when Monster Hunter Wilds' will globally launch in each region and when players can preload it on Xbox Series X|S, PlayStation 5,...",https://www.windowscentral.com/gaming/heres-exactly-when-you-can-play-monster-hunter-wilds-on-pc-and-console,21-02-2025
I have to shoplift because I can't afford groceries,"A man has revealed that he has been forced to shoplift because he can't afford groceries, despite working overtime. Advertisement.",https://www.dailymail.co.uk/femail/article-14422139/shoplift-afford-groceries-steal-monthly-expenses.html,21-02-2025
Electric Family Sedan Kicks Lamborghini's Butt At Car And Driver's Lightning Lap,"The Lamborghini Revuelto may be a plug-in hybrid, but it's absolutely no Prius Prime. It still has a 6.5-liter V12 and, with an extra three motors,...",https://www.jalopnik.com/1795538/electric-family-sedan-beats-lamborghini-lightning-lap/,21-02-2025
Searching for your dream job? Google's new career AI tool can help - and it's free,"The 'Career Dreamer' AI experiment is easy, free, and, dare I say, fun to use. Here's how to get started.",https://www.zdnet.com/article/searching-for-your-dream-job-googles-new-career-ai-tool-can-help-and-its-free/,21-02-2025
4 Pixel phone tricks every user should know - including my favorite,Pixel Call Assist doesn't just help block spam anymore. Google's added calling features to please everyone - even if you hate talking on the phone.,https://www.zdnet.com/article/4-pixel-phone-tricks-every-user-should-know-including-my-favorite/,21-02-2025
Nintendo’s Alarmo has broken out of its cage and is now available at Best Buy,"Nintendo's motion-sensing alarm clock with music from Switch games like Mario, Zelda, and Splatoon, is $99.99 at Best Buy.",https://www.polygon.com/deals/527716/nintendo-alarmo-best-buy,21-02-2025
The Best New Gadgets and Hi-Fi Releases of 2025 (Updated),"The best tech products announced this week include planar magnetic headphones, Apple's new ""cheap"" iPhone and Nomad's upgraded EDC.",https://www.gearpatrol.com/audio/best-tech-audio-hi-fi-releases-2025-updated-february-week-3/,21-02-2025
"Spotify HiFi was announced four years ago, and it’s almost here — maybe",Spotify is finally nearing the launch of a Music Pro add-on that would offer lossless music and other perks.,https://www.theverge.com/spotify/617927/spotify-hifi-music-pro-coming-2025,22-02-2025
"Amazon to Shut Down Android App Store, Ending a Decade-Long Experiment","Amazon announced on Wednesday that it will shutter its Amazon Appstore for Android devices effective August 20, 2025, marking the end of a 14-year effort to...",https://cordcuttersnews.com/amazon-to-shut-down-android-app-store-ending-a-decade-long-experiment/,21-02-2025
"OnePlus promises two major Watch 3 changes, but they may not arrive until the Watch 4",A OnePlus Health Labs head of R&D admitted that they need to make a smaller OnePlus Watch and add a key missing feature.,https://www.androidcentral.com/wearables/oneplus-promises-to-fix-two-key-watch-3-downsides-this-year,22-02-2025
PlayStation officially drops stunning new hardware you can pre-order now,"Sony has a selection of new hardware for PlayStation fans to get their grubby little hands on, and you can pre-order it all today.",https://www.gamingbible.com/news/platform/playstation/playstation-stunning-new-hardware-884763-20250221,21-02-2025
The OnePlus 13 is proof Samsung is asleep at the wheel,The OnePlus 13 isn't just a great phone. It's one of 2025's best Android phones — and a striking reminder of where Samsung has gone wrong.,https://www.androidauthority.com/oneplus-13-proves-samsung-problem-3528388/,22-02-2025
One Of The Most Impressive Open Worlds Of This Generation Hits Xbox Game Pass Next Week,"This week, Microsoft revealed a rather slim Xbox Game Pass update containing just three additions to the library - which is understandable given that we're...",https://www.purexbox.com/features/one-of-the-most-impressive-open-worlds-of-this-generation-hits-xbox-game-pass-next-week,21-02-2025
